pdb_id,position,wild_type,mutant,ddg
1otrB,34,A,E,0.07
1rtbA,4,S,A,-0.47
1thqA,157,A,M,-0.77
1tpkA,65,I,V,0.3
1rtbA,97,A,Y,-12
1divA,6,I,L,-0.13
1a23A,33,S,C,-1.1
1cspA,46,K,A,1.41
1uzcA,56,A,S,-0.5
1aj3A,72,G,K,-1.4
1divA,8,N,D,-0.3
1dktA,58,L,M,-0.52
1igvA,23,A,L,-3.73
1ttgA,82,A,P,-0.42
1arrA,32,A,S,-3.8
2brdA,61,A,L,0.7
1rtbA,116,G,V,-1.18
3hhrA,74,Q,E,-0.71
1rx4A,148,R,S,-0.75
2ci2I,82,G,V,-3.5
1rx4A,30,A,W,-2.33
5azuA,31,T,V,-2.57
451cA,7,A,F,1.1
1rx4A,75,H,V,-1.72
1sakA,341,L,F,-3.2
1ls4A,144,A,T,-1.32
1wq5A,49,S,E,-0.01
3pgkA,48,W,Y,-3.62
1arrA,27,A,E,0.4
2ztaA,22,Q,E,-1.83
1znjB,10,E,H,1.44
1flvA,87,A,G,-0.11
1qlpA,330,R,S,2.44
2q98A,173,A,H,-0.06
1aj3A,105,A,R,0
1ttgA,25,A,P,-0.48
1pinA,6,A,K,0.15
1shfA,124,D,S,-2.02
1yccA,76,S,P,-1.89
1thqA,160,A,Q,0.18
1wq5A,28,A,P,-2.62
1wq5A,154,S,C,-1.72
2ci2I,25,A,P,0.92
1fepA,250,C,E,9.79
1b26A,190,A,R,-0.36
1shfA,107,H,E,-0.99
1iroA,33,L,I,0.76
5azuA,50,A,L,-1.79
3ssiA,103,A,M,-2.26
1cyoA,35,Y,F,1.03
1sakA,352,A,D,-2.2
1btaA,51,V,L,0.6
2wsyA,175,Q,Y,-1.65
1tenA,819,G,A,-2.8
1rtbA,114,G,P,-3.09
1cspA,12,K,E,-0.48
2immA,63,S,T,0.29
1ttgA,88,V,I,-0.35
1pinA,14,A,R,-1.63
1ftgA,52,V,I,-1.08
2brdA,41,A,K,-1.6
1c9oA,46,K,E,-0.43
1aj3A,10,A,H,0.5
1otrB,67,S,L,-3.3
1arrA,18,A,V,-0.5
1ayfA,76,E,D,0.45
451cA,77,F,W,-1.2
3ssiA,103,I,M,-2.04
1c9oA,21,A,E,-0.29
1pinA,27,A,H,-0.12
1cspA,65,E,K,-1.39
1ag2A,210,I,V,-0.26
1aj3A,21,A,S,0.5
1ir3A,1175,F,W,0.6
2q98A,195,A,H,0.05
1ttgA,32,F,Y,-0.41
1rx4A,121,L,G,-0.51
1hngA,76,F,Y,1.49
1yccA,102,A,C,2.9
1wq5A,50,A,L,-2.99
1arrA,15,A,P,-1.9
2adaA,117,F,W,4.74
1apsA,39,A,V,-1.63
1clwA,285,K,R,-10.3
2ci2I,69,A,F,-3.53
1ayfA,95,S,C,0.96
1rx4A,40,L,V,-1.35
1shgA,18,F,K,2.33
1rx4A,30,S,W,-2.74
1sakA,340,I,M,0.7
2afgA,85,W,F,-0.1
1pinA,19,G,S,0.01
1btaA,16,V,L,1.1
1rtbA,54,G,V,-4.87
1rtbA,106,L,I,-1.79
1otrB,41,V,Q,-0.05
2ci2I,40,G,L,-1.74
2afgA,62,A,G,-1.43
1aj3A,56,A,L,-3.8
1uzcA,38,A,Q,-0.3
1pinA,9,A,P,-0.19
1pinA,24,F,Y,-0.66
1rx4A,155,S,I,-3.93
1hmeA,33,H,S,-1.68
1arrA,4,A,M,0.2
1bp2A,48,N,H,-3
1rx4A,30,M,W,-2.03
1pinA,24,W,Y,-0.56
1uzcA,39,G,A,-1.9
1qqvA,41,Y,H,1.25
1arrA,49,A,G,-2
1ag2A,200,K,E,-0.14
2ci2I,79,T,V,-0.38
1uzcA,47,G,P,-0.9
1aj3A,100,G,Q,-0.7
2brdA,45,A,I,-1.9
1oiaA,31,S,Y,-2.3
1cyoA,45,Y,V,-1.54
1uzcA,44,G,I,-0.3
1lveA,15,P,L,-1.5
1rx4A,148,N,S,-0.89
2ifbA,104,C,A,2.13
1yccA,85,A,L,-2.8
1divA,4,A,I,-2.22
1uzcA,27,G,E,-1.6
1c2rA,75,C,Y,-1.53
1ag2A,190,V,T,-0.17
2ci2I,31,G,S,-0.15
1ttgA,32,A,Y,-4.17
1b0oA,19,Y,W,-6.91
1ttgA,85,A,S,0.11
1lveA,89,N,Q,-1.6
1sakA,344,F,L,-6.1
1wq5A,258,W,F,-1.17
1fkjA,21,V,T,0.86
1chkA,101,F,W,-3.36
1qjpA,7,A,W,-3.6
1tenA,889,A,F,-5.43
1uzcA,43,V,I,-1.3
2hmbA,106,T,R,-3.54
1wq5A,175,C,Y,-0.6
1io2A,105,A,D,1.58
1pgaA,53,T,T,1.36
1mjcA,31,L,F,-0.66
1otrB,41,L,Q,-0.26
3hhrA,74,L,E,-1.02
1cspA,25,K,D,-1.31
1apsA,29,D,E,-3.47
1divA,6,A,L,-3.1
1rtbA,97,F,Y,-3.54
3ssiA,73,E,M,0.75
2ci2I,58,A,T,-0.69
1pinA,31,G,A,-1.49
1pinA,25,Y,F,0.22
1wq5A,211,V,G,1.05
2afgA,117,I,C,0.36
5croA,26,C,Y,2.2
1ag2A,217,R,Q,-2.13
3ssiA,13,M,V,-5.73
1ropA,30,L,D,-0.1
2q98A,30,A,H,2.56
1h7mA,64,A,E,-0.26
1apsA,83,D,E,-1.51
1sceA,89,G,V,0.81
1tenA,871,A,V,-2.81
1apsA,89,A,L,-1.67
1wq5A,132,A,P,-0.91
1azpA,30,I,V,0.7
1rx4A,155,K,I,-3.35
1cahA,5,F,W,-1.8
1ftgA,150,K,D,0.22
1chkA,28,F,W,-3.25
1supA,206,C,Q,1.25
1pgaA,53,E,T,0.08
1tenA,869,F,Y,0.05
2abdA,9,G,A,-1.91
1risA,79,A,L,-3.2
2ci2I,51,I,L,-0.64
1pgaA,49,A,T,-0.86
1wq5A,211,R,G,-0.11
1btaA,75,Q,R,-0.37
1fkjA,63,A,V,-0.17
1pinA,34,F,W,-0.1
1znjB,10,T,H,-0.22
1uzcA,19,A,Q,-0.2
1otrB,34,I,E,1.65
2ci2I,62,A,R,-0.8
1yccA,73,W,K,-1.5
1yccA,52,A,N,1.97
1rx4A,155,E,I,-3.26
2abdA,73,F,Y,0.15
1pgaA,25,P,T,-2.8
1shfA,107,V,E,-2
1aarA,68,Q,H,0.55
1w4hA,148,G,A,0.52
1pgaA,54,A,V,-0.1
1sakA,326,A,E,-1.6
2afgA,108,Y,F,0.51
1mbgA,103,I,V,0.69
1fkjA,60,A,E,-0.18
1arrA,51,A,I,-1.9
1a23A,32,Y,H,4.63
3ssiA,103,V,M,-1.85
1btaA,40,A,C,0.1
1rx4A,155,T,I,-3.3
1shfA,107,R,E,-3.38
1mbgA,103,A,V,-2.32
1pinA,34,A,W,-0.4
2ci2I,76,V,I,0.1
1akkA,94,V,L,-0.97
2ifbA,53,C,S,0.94
1igvA,61,A,V,-3.78
2hmbA,126,K,R,-4.66
2ci2I,51,A,L,-2.16
5azuA,82,G,A,-2.39
2abdA,21,A,D,0.01
1yccA,33,Y,H,-0.3
1rx4A,59,T,N,-0.32
1arrA,47,G,K,-1.16
1hk0X,147,A,M,-0.55
1sakA,330,F,L,-5.2
1sakA,332,V,I,-4.9
3ssiA,73,G,M,-0.22
1pinA,16,G,S,-0.92
1otrB,41,S,Q,-1.27
1c9oA,64,T,V,-0.24
1rx4A,31,A,F,-1.9
1cyoA,45,T,V,-0.96
1ubqA,27,A,K,-2.58
1arrA,52,A,G,0.2
1pinA,15,A,M,-0.59
1c2rA,32,E,K,0.3
1aarA,29,N,K,-1.48
1cspA,66,L,E,1.68
1pohA,46,N,S,0.39
1c5gA,350,P,E,0.3
1fkjA,59,L,W,-2.35
4blmA,126,C,S,2.7
1qlpA,68,A,T,1
1c9oA,29,E,H,-0.51
2ci2I,55,S,T,-0.5
1risA,21,A,L,0.08
1cahA,117,A,E,5.5
1fkjA,75,V,T,-0.81
1cyoA,61,E,V,-1.08
1yccA,52,S,N,-0.3
1ftgA,18,I,V,0.23
1imqA,31,L,E,-0.67
2immA,24,R,K,-0.17
1arrA,35,A,S,0.2
1otrB,34,Q,E,-1.46
1divA,1,G,M,-2.36
1shfA,124,I,S,-1.41
1oiaA,78,F,Y,0
1rtbA,64,G,A,-0.43
1tenA,809,V,I,-0.18
1risA,33,A,Y,1.1
1otrB,17,A,V,-1.63
3ssiA,73,I,M,-1
1qlpA,331,F,K,-1.75
1dktA,71,A,R,-0.68
1uwoA,3,A,L,-0.33
1dktA,6,V,I,-0.56
1yccA,73,A,K,-0.45
2brdA,40,A,K,-0.3
1rhgA,33,A,E,0.59
1htiA,179,D,Q,1.5
1tenA,811,A,V,-1.36
1rx4A,44,L,R,1.45
1wq5A,118,A,C,-1.36
1shfA,128,A,G,-1.78
1ubqA,61,V,I,-1.05
1ftgA,51,V,I,-1.72
1arrA,13,A,R,-0.6
1titA,9,F,Y,-0.4
1arrA,2,A,K,0.1
1cspA,65,Q,K,-0.55
1a23A,32,L,H,4.95
1shfA,107,A,E,-1.27
1thqA,130,A,S,-1.27
1thqA,108,A,T,-0.4
1yccA,76,W,P,-2.38
2brdA,58,A,L,0.3
1sceA,92,G,P,0.07
1aj3A,16,A,M,-2.2
1pgaA,47,A,D,0.36
1shfA,107,L,E,-3.02
1b5mA,60,R,D,0.24
1qlpA,331,T,K,0.54
1io2A,6,A,I,-2.92
1a23A,32,S,H,4.4
1h7mA,62,A,E,-1.29
1apsA,75,V,I,-1.41
1rtp1,26,P,H,1.25
1apsA,54,A,P,-0.45
2abdA,52,M,K,0.33
1titA,86,A,V,4.78
1aj3A,40,A,T,0.3
1uzcA,11,F,W,-0.2
1cspA,39,Q,K,-0.07
2ci2I,43,G,K,-3.34
1shgA,52,Y,F,-0.44
1shgA,13,F,Y,1.27
1imqA,71,I,V,0.07
1h7mA,48,A,D,0.36
2ztaA,8,A,K,-0.39
1sceA,90,A,P,1.19
1ftgA,156,V,I,-2.95
3ssiA,73,A,M,0.42
2abdA,15,A,L,-3.34
1b26A,231,A,E,-0.47
1rx4A,59,Q,N,-0.92
1znjB,10,D,H,1.3
1apsA,11,I,Y,-2.22
1ag2A,129,V,M,-0.33
2brdA,42,A,F,-1.6
1igvA,28,A,L,-2.7
1uzcA,49,A,Y,-2.6
1apsA,17,A,V,-1.84
1ropA,30,G,D,2
1cspA,13,Q,K,-0.17
1yccA,73,G,K,-0.74
1tenA,806,A,P,-2.74
1divA,3,A,V,-2.55
2ci2I,55,V,T,-1.17
2ztaA,20,Q,E,0.2
1cspA,3,R,E,1.54
1arrA,43,A,E,-0.3
2wsyA,209,V,L,-3.2
2ci2I,49,G,I,-3.52
1rhgA,50,E,L,-0.03
1rhgA,46,A,E,-0.56
1tenA,858,G,Y,-4.14
2ci2I,68,A,L,-3.7
1dktA,55,G,V,-2.1
1btaA,78,A,K,-0.03
1fkjA,27,S,T,-1.49
1clwA,382,S,R,-17.4
1w4hA,135,A,I,1.24
2brdA,52,A,I,-1.4
1aj3A,88,A,L,-2.8
1pinA,7,V,L,-1.26
1ttgA,57,G,A,-2.81
1c9oA,36,K,E,-0.13
5croA,26,D,Y,2.7
1c9oA,31,S,T,0.15
1clwA,235,I,T,-1.6
1fkjA,4,A,V,-2.78
2ci2I,27,A,L,-2.44
1fkjA,106,A,L,-2.32
1divA,1,A,M,-1.46
1ropA,30,P,D,-1.6
1pgaA,10,P,K,-0.2
1thqA,153,A,Y,-0.55
1wq5A,22,L,F,1.4
1sakA,338,A,F,-7.2
1ubqA,26,I,V,1.1
1c9oA,3,A,R,-1.47
1titA,73,L,F,3.06
1tenA,887,A,E,1.61
5azuA,5,A,V,-0.48
1apsA,86,V,I,-1.77
1cspA,10,K,N,-1.47
1uzcA,13,S,T,0.1
1rtbA,121,N,D,-1.71
1g6nA,128,A,S,-0.26
1rx4A,30,R,W,-2.49
1c9oA,38,W,F,0.1
2ci2I,37,A,K,-0.18
1wq5A,176,A,L,-4.01
2adaA,272,F,W,4.68
1cspA,53,K,E,-0.19
2afgA,83,S,C,-1.61
1otrB,17,N,V,-4.9
1rx4A,155,D,I,-4.1
1hk0X,170,A,V,1.3
1a43A,167,A,R,-3.05
1fkjA,76,V,I,-0.06
1qlpA,51,L,F,2.1
1fkjA,61,G,E,-0.07
2ci2I,57,A,V,-1.07
1clwA,309,V,E,-2.3
1sakA,333,A,R,-3.9
1rtbA,81,G,I,-4.8
1ftgA,111,G,Q,0.16
1dktA,17,L,F,-2.79
1rtbA,108,L,V,-0.7
2abdA,32,E,K,-1.58
1fkjA,57,A,R,-0.09
1pinA,10,A,G,-0.85
1ropA,30,C,D,0.8
1apsA,22,L,F,-1.29
1ftgA,99,A,Q,0.93
1wq5A,99,A,L,-4.07
1imqA,27,G,T,-1.43
2afgA,44,F,L,0.56
1aj3A,96,A,K,-0.4
2abdA,28,A,Y,-2.5
1divA,3,L,V,-2.21
2afgA,93,N,H,0.29
1thqA,51,A,W,-0.45
5croA,26,Q,Y,1.4
2hmbA,40,E,T,-3.27
1qlpA,374,I,M,2.3
1aj3A,10,G,H,-0.5
1fkjA,24,A,V,-3.19
1divA,134,Q,H,-1.28
1aj3A,49,A,H,-1.4
1uzcA,26,G,K,-0.8
1ropA,30,E,D,1
5azuA,22,T,V,-2.63
1ttgA,13,G,A,-0.93
1aj3A,54,G,A,-1.1
1tenA,887,G,E,-0.34
1otrB,34,V,E,0.86
3mbpA,159,S,P,-1.53
1uzcA,46,N,D,-2.3
1otrB,34,F,E,0.72
2ci2I,34,D,E,-0.19
1idsA,152,A,G,-4.3
1rx4A,75,I,V,-1.65
1sakA,337,A,R,-9.3
5croA,26,W,Y,-0.1
1rx4A,75,R,V,-2
1shfA,127,A,T,-2.59
2ci2I,77,G,A,-1.88
3mbpA,361,A,L,-2
1h7mA,47,A,E,-0.05
1dktA,55,A,V,-1.06
1shfA,124,H,S,-1.25
3mbpA,48,A,P,0.5
1otrB,34,L,E,1.11
2immA,79,E,Q,-0.41
1sakA,342,A,R,-1.4
1rtbA,107,L,I,-2.19
2brdA,48,A,L,-0.1
1oiaA,13,T,Y,-1.3
1znjA,8,R,T,1.25
1qjpA,43,A,Y,-3.8
1ftgA,97,A,N,-0.65
1rtbA,123,A,S,0.69
1rx4A,67,A,G,0.52
1pinA,22,A,V,-0.26
5croA,26,F,Y,0.4
1arrA,6,A,K,0.4
2afgA,62,N,G,-0.79
2brdA,56,A,M,1.4
1aarA,42,E,R,1.63
1rx4A,67,T,G,-0.21
2wsyA,22,L,F,-1.05
1arrA,20,A,D,-0.8
1rx4A,155,L,I,-2.54
1fxaA,42,H,R,-1.4
1tenA,865,A,P,-0.93
1pgaA,53,R,T,0.18
1cspA,42,K,E,0.05
2afgA,31,W,V,0.96
1aj3A,64,A,Q,-0.7
1pinA,7,A,L,-1.72
2adaA,264,F,W,8.64
1rx4A,75,S,V,-0.8
1h7mA,46,A,K,-1.1
1arrA,40,A,R,-4.6
1rx4A,139,Q,E,-0.89
1divA,3,I,V,-0.31
3ssiA,13,F,V,-5.55
1pinA,7,I,L,-0.85
1bp2A,106,Y,F,0.6
1ftgA,71,A,S,-0.32
1yccA,52,T,N,0.83
1ropA,30,H,D,0.9
1rx4A,74,F,W,-1.2
1apsA,71,A,P,-1.6
1flvA,18,L,V,0.26
2ztaA,11,Q,E,-0.74
1c5gA,350,R,E,-0.3
1pgaA,22,G,D,-1.2
1thqA,24,N,D,-0.6
1apsA,42,A,T,-1.84
1rx4A,155,V,I,-0.29
1arrA,48,A,E,-1.12
1rx4A,59,V,N,0.22
1c9oA,24,D,S,0.18
3hhrA,71,V,S,-1.26
1risA,35,G,A,-0.33
1shfA,107,K,E,-0.97
1fkjA,50,A,L,-2.57
1aj3A,51,A,R,0.3
1wq5A,81,S,C,-1.41
1ubqA,26,A,V,-3.3
3hhrA,74,D,E,-1.27
1wq5A,81,V,C,-1.32
1lveA,106,L,I,-1.2
1uzcA,60,A,Q,0.2
1igvA,23,G,L,-4.28
1pgaA,36,P,D,-3.1
1c2rA,12,D,K,-1.2
1bp2A,22,I,F,2.7
1h7mA,76,A,R,0.19
1wq5A,49,F,E,1.15
3pgkA,308,F,W,-3.67
1oiaA,86,F,Y,-2.6
1tenA,884,A,P,-0.11
1yccA,76,R,P,-0.97
1arrA,24,G,K,-2.45
1apsA,38,F,W,-0.02
2ifbA,89,C,L,-1.03
1lveA,96,P,Y,-1.6
1shfA,124,V,S,-1.1
1pinA,32,G,S,-0.81
2crkA,122,N,D,-1.2
1pgaA,53,G,T,-1.21
1shfA,124,L,S,-0.37
1ttgA,70,A,I,-3.72
2ci2I,80,A,P,-3.42
1arrA,33,A,V,-2.1
1fepA,256,C,Q,2.28
2ci2I,34,Q,E,-0.58
1h7mA,8,A,R,-0.76
2ci2I,38,A,V,-0.31
1a43A,159,D,E,-3.5
1rtbA,107,V,I,-0.08
1ftgA,84,G,A,-1.95
1uzcA,15,G,E,-1
1io2A,7,N,D,1.67
1ttgA,90,V,I,-0.28
2hmbA,126,Q,R,-0.62
451cA,43,Y,E,0.66
1n0jA,58,T,I,-2.7
1h7mA,90,A,E,-0.41
1ttgA,92,A,Y,-1.19
1pinA,19,A,S,-0.14
1pgaA,53,K,T,0.35
1ttgA,68,F,Y,-2.03
1rtbA,81,A,I,-2.99
1aj3A,23,A,I,-3.65
1shfA,124,K,S,0.11
1w4hA,146,G,A,0.56
1rtbA,93,G,P,-2.2
1otrB,17,T,V,-1.89
1uzcA,67,A,V,0.6
3mbpA,8,G,V,-1.1
1yccA,71,I,P,-1.7
1sceA,44,A,P,-3.04
1dktA,67,A,L,-2.03
1aj3A,95,F,W,-2.1
1clwA,177,R,G,-2.1
1cspA,42,Q,E,-0.16
2q98A,138,A,H,1.29
1apsA,36,A,V,-2.53
2hprA,46,D,S,0.74
2hmbA,16,Y,F,-3.44
1qjpA,170,A,F,-2.4
1cyoA,71,L,S,0.8
1ropA,30,V,D,-0.4
1rx4A,148,T,S,-0.51
1rtbA,46,A,F,-6.36
2abdA,69,G,A,-1.55
1rx4A,40,N,V,-2.17
1wq5A,154,A,C,-1.03
1akkA,94,I,L,0.2
1rx4A,59,W,N,-1.6
1risA,26,A,I,-2.83
2ifbA,64,A,L,-2.07
1msiA,47,A,R,-0.56
1otrB,34,H,E,-3.92
1pinA,25,L,F,-1.37
1rx4A,67,L,G,-0.44
1rx4A,24,V,L,-1.9
1rx4A,40,F,V,-2.15
1rx4A,59,M,N,-0.27
1c9oA,50,W,E,0.3
1igvA,13,F,Y,-1.19
1rx4A,155,Q,I,-3.86
3pgkA,333,F,W,-2.16
1aarA,6,E,K,0.53
1otrB,34,K,E,-2.15
1io2A,33,A,L,-4.54
1thqA,94,A,R,-1.53
1cyoA,45,H,V,-1.46
1aj3A,66,A,V,-2.3
2abdA,67,A,E,-0.58
1kfwA,92,P,G,0.5
1qjpA,143,A,W,-3.1
1igvA,6,V,L,-2.2
1c2rA,14,E,K,-1.1
1rtp1,80,S,K,-0.29
1sakA,347,G,A,-2.7
1pinA,29,D,T,-1.33
1lveA,28,F,N,-3.1
1btaA,78,Q,K,0.33
1wq5A,139,W,F,-0.64
1rx4A,148,V,S,-0.33
1ankA,88,G,R,-0.2
1aj3A,14,G,R,-1.9
1qjpA,55,A,Y,-2.5
1pgaA,53,A,T,0.1
1znjB,25,H,F,1
1igvA,66,W,F,-2.34
1tpkA,65,T,V,-1
1wq5A,49,Y,E,0.41
1divA,21,A,V,-2.33
1risA,65,A,V,-2.62
1ftgA,117,A,V,-2.16
1aj3A,52,A,L,-2.8
1rtbA,46,V,F,-4.54
1h7mA,39,A,R,-0.07
1rtbA,63,A,V,-2.02
1ayfA,82,W,Y,-0.21
1pgaA,53,W,T,1.04
1rroA,21,A,P,-0.74
1rtbA,106,V,I,-0.8
1ayfA,56,Q,H,-1.66
1arrA,25,A,V,-0.4
1ropA,41,V,L,-2.53
1yccA,76,L,P,-3.44
1ftgA,22,A,I,-1.7
1cspA,13,E,K,-0.37
1ttgA,20,V,I,-0.41
1btaA,22,Q,K,-0.9
1cspA,24,N,D,-0.67
1wq5A,49,L,E,3.67
1pgaA,53,L,T,0.45
1sakA,341,I,F,-6.9
2ci2I,71,A,D,-3.28
1titA,9,S,Y,-0.2
1uzcA,42,A,M,-1.6
1divA,48,Q,E,0.03
1boyA,200,W,R,0.6
1aj3A,93,A,D,0.7
3ssiA,73,V,M,-0.71
2ci2I,49,T,I,-1.34
1fepA,248,C,E,6.83
1rhgA,150,A,G,2.86
1aj3A,42,A,V,-0.4
2afgA,109,L,V,-0.57
1apsA,25,A,Y,-0.24
1bp2A,106,A,F,-0.9
1igvA,61,G,V,-4.35
2wsyA,18,G,A,-2.8
1rtbA,54,L,V,-1.09
1risA,75,A,L,-0.78
1otrB,36,F,I,-0.86
1i5tA,33,F,H,0.67
1ropA,30,Y,D,0.2
1fkjA,21,A,T,-1.6
1rx4A,155,W,I,-4.31
1divA,7,M,K,0.35
1rx4A,40,S,V,-2.52
1sceA,92,A,P,0.07
2abdA,12,A,V,-1.6
1ifbA,68,A,F,1.38
1cspA,38,A,F,0.23
1yccA,52,Q,N,-0.52
1aarA,72,Q,R,-0.33
1av1A,141,R,L,-0.65
3mbpA,276,G,A,-1.69
1fkjA,36,A,F,-3.54
1c2rA,35,A,P,-2
2brdA,38,A,D,-0.5
1otrB,34,Y,E,0.41
1io2A,92,A,L,-2.87
1pgaA,53,V,T,2.37
1pgaA,48,P,A,-0.7
2abdA,32,R,K,-2.03
1w4hA,140,G,A,0.93
2afgA,16,S,C,-2.89
1pinA,21,G,R,-0.67
1ankA,85,V,G,-2.4
1tenA,809,A,I,-2.86
1rx4A,121,V,G,-1.11
3mbpA,226,A,I,-3.47
1htiA,105,D,S,-1.3
1sceA,29,A,P,0.23
1oiaA,78,D,Y,-5.1
2afgA,106,G,N,0.38
1pinA,38,A,S,0.05
1divA,12,M,K,1.38
1shfA,124,T,S,-1.65
1divA,30,V,L,-3.62
1btaA,21,A,K,-1
1hmeA,35,H,G,0.07
1uzcA,50,G,S,-0.1
1tpkA,65,L,V,-1.9
2abdA,25,A,L,-1.52
1sakA,339,A,E,-1.8
1a43A,156,A,G,-1.9
2akyA,169,D,N,-2.15
5azuA,97,A,F,-2.63
1ftgA,101,V,A,0.19
1rx4A,54,V,L,0.4
2abdA,44,A,P,-1.32
1ttgA,18,A,L,-0.87
1yccA,102,T,C,3.11
1iroA,24,I,V,0.36
1fxaA,94,D,E,-1.1
1sakA,343,A,E,-1.1
1otrB,34,G,E,1.39
2afgA,73,V,L,-1.46
1pinA,17,A,R,0
1rtbA,106,A,I,-4.37
3pgkA,388,Q,H,-0.84
1risA,37,A,V,-2.68
1risA,6,A,V,-2.42
2afgA,117,S,C,-0.61
1aj3A,23,V,I,-1.6
1risA,48,A,L,-0.12
1rx4A,88,I,V,-0.49
1btaA,21,Q,K,-1.03
1rx4A,59,C,N,-0.02
1rx4A,30,N,W,-2.52
1ttgA,72,A,V,-3.33
2abdA,31,N,Y,-1.25
5azuA,48,A,W,-3.35
1otrB,34,D,E,-0.71
1fxaA,65,Y,F,-0.5
5croA,26,L,Y,1.1
1imqA,34,L,V,0.33
1ankA,84,H,D,-1.4
1otrB,5,T,V,-3.73
1divA,30,A,L,-2.76
3d2aA,163,P,S,-0.25
1rx4A,155,A,I,-3.91
1wq5A,49,V,E,2.43
1aj3A,100,A,Q,0.4
1ag2A,198,S,F,-2.46
1mjcA,20,S,F,-1.16
2abdA,80,A,L,-4.14
2akyA,213,F,I,-1.91
2ci2I,72,N,K,-0.6
3mbpA,345,I,T,0.7
1arrA,28,A,E,-0.5
2ci2I,40,A,L,-1.27
1apsA,78,S,T,-1.41
1znjB,9,D,S,0.1
1risA,60,A,F,-0.83
3mbpA,133,A,P,-0.3
1ftgA,21,G,I,0.09
1pgaA,21,P,V,0.5
1ssoA,29,V,I,-0.4
1arrA,23,G,R,-2.14
1risA,52,A,I,-0.72
2ifbA,60,N,V,-0.76
1dktA,11,A,K,0.51
1ubqA,26,L,V,0.3
1h7mA,21,A,R,0.07
2ci2I,41,G,Q,-0.76
1lveA,39,T,K,-2.6
1qlpA,387,R,K,1
1cyoA,61,K,V,-2.37
1tenA,830,A,I,-1.38
1apsA,20,A,V,-0.29
1ropA,30,T,D,-0.4
1rtp1,21,P,A,-0.49
3mbpA,19,C,G,-2.3
1uzcA,33,G,N,-0.4
1qlpA,331,I,K,-0.84
1arrA,21,A,L,-3.4
1pohA,31,A,S,-0.33
1aarA,6,Q,K,0.26
1ttgA,74,G,A,-1.38
1shfA,107,I,E,-2.71
2trxA,26,A,D,4.2
1sceA,52,A,P,-2.57
3hhrA,71,A,S,-1.12
1aj3A,22,F,W,-1.11
2abdA,35,A,T,-1.19
1wq5A,49,K,E,0.42
1pgaA,50,A,K,-0.45
1btaA,5,V,I,1
2afgA,93,G,H,1.3
1ag2A,208,H,R,-1.44
1n0jA,143,N,Q,1.43
1rx4A,121,C,G,0.09
1cspA,17,A,F,-1.44
1cspA,65,I,K,1.53
1cspA,53,Q,E,0.2
1aj3A,26,A,K,0
2ci2I,39,V,I,-1.16
1otrB,34,T,E,1.51
1qjpA,168,A,Y,-0.2
3pgkA,308,Y,W,-3.6
1otrB,5,N,V,-5.38
1wq5A,96,A,P,-2.1
2ci2I,56,A,I,-0.66
1qlpA,70,G,A,1.6
1yccA,52,F,N,-0.06
451cA,70,Q,E,-0.35
1titA,9,P,Y,-2.2
1pinA,16,A,S,-0.44
1uzcA,60,G,Q,-0.8
1arrA,1,A,M,-0.1
1pgaA,53,N,T,0.52
1cspA,3,K,E,2.75
1uzcA,17,G,A,-0.6
1kdxA,640,F,Y,0
1w4hA,138,A,L,1.6
1arrA,10,A,F,-2.7
1uwoA,3,S,L,-0.43
2ztaA,28,A,K,-0.06
1rx4A,75,C,V,-0.05
1i5tA,30,A,P,-5.61
1dktA,62,A,P,1.4
1kfwA,253,P,G,-0.65
5azuA,33,A,L,-1.67
1yccA,52,H,N,-1.52
1aj3A,91,A,F,-2.8
1io2A,8,Q,E,0.6
1apsA,45,A,G,-1.72
1rtbA,116,A,V,-0.66
1pgaA,2,P,T,-2.7
1qlpA,51,C,F,3.01
2ci2I,36,A,K,-0.7
1h7mA,50,A,E,0.57
1ropA,30,N,D,0.8
1aj3A,51,G,R,-0.6
1fkjA,56,D,I,-3.16
3ssiA,13,A,V,-6.84
1rx4A,148,P,S,-0.26
1wq5A,49,A,E,0.41
1pgaA,6,T,I,1.88
1ropA,30,M,D,0.6
2ci2I,43,A,K,-0.5
1rhgA,81,A,G,-1.68
1arrA,39,A,Q,0.1
1rx4A,67,S,G,0.07
2ci2I,75,D,N,-1.36
1lveA,97,T,S,-0.3
1ttgA,34,V,I,-0.41
5azuA,81,A,I,-2.07
1yccA,52,L,N,3.8
1c9oA,50,K,E,-0.33
1akkA,94,A,L,-3.5
1dktA,18,A,E,-1.25
1supA,76,D,N,0.45
2ci2I,52,A,P,-0.38
1fxaA,65,I,F,-0.9
3pgkA,399,W,L,-5.99
1flvA,87,L,G,-0.43
1rx4A,148,K,S,-0.26
1tpkA,65,A,V,-2
2trxA,78,K,L,-3.9
1rx4A,67,D,G,-0.14
1lveA,38,N,Q,-1.1
1w4hA,152,A,T,1.68
1ftgA,143,A,L,-0.2
1wq5A,207,A,P,-1.51
1arrA,5,A,S,0.1
1fkjA,21,S,T,-1.44
1rx4A,67,C,G,-0.36
1rroA,26,A,P,-0.74
1fxaA,48,A,T,0.1
1igvA,19,N,D,0.74
1igvA,26,Q,E,0.09
1rtbA,47,G,V,-7.34
1arrA,19,Q,L,-1.8
1sceA,20,A,P,-0.3
1pinA,26,D,N,-1.88
1rx4A,59,I,N,-0.11
2ci2I,26,A,E,-0.75
1wq5A,132,G,P,-0.65
5azuA,110,A,F,-5.02
1arrA,23,A,R,-1.1
1fxaA,94,Q,E,0.6
1tenA,833,A,I,-3.28
1qjpA,15,A,W,-2
1apsA,47,A,V,-1.86
1titA,13,A,V,2.37
1i5tA,67,F,Y,-2.18
1fkjA,101,A,V,-0.07
1aj3A,58,G,A,-1.1
1hk0X,79,A,R,-1.15
1shfA,107,D,E,0.68
1znjA,8,H,T,1.76
1b26A,193,A,K,0.5
3ssiA,73,L,M,-0.32
3ssiA,13,G,V,-9.91
1qjpA,51,A,F,-1.2
3mbpA,108,A,I,-2.23
1yccA,82,Y,F,-0.7
2afgA,93,A,H,-0.43
1uzcA,65,F,Y,-0.8
5croA,16,L,Q,2.8
3hhrA,71,T,S,-0.2
1pgaA,53,C,T,0.78
1sakA,328,A,F,-7.2
1a23A,30,S,C,-1.8
1uzcA,24,A,L,-1
3mbpA,59,A,I,-1.2
451cA,70,V,E,-1.15
1shfA,124,R,S,-0.18
2immA,100,G,A,0.02
1shfA,124,F,S,-1.9
1cyoA,61,H,V,-1.61
1fkjA,2,A,V,-2.43
1yccA,52,I,N,2.97
1fxaA,65,W,F,-0.6
1rx4A,40,R,V,-1.72
1yccA,71,T,P,-1.7
1cspA,3,Q,E,1.1
1wq5A,49,C,E,1.33
1rtbA,119,A,H,0.35
2ci2I,22,V,T,-0.32
1rx4A,148,A,S,-0.47
1ftgA,122,S,T,0.2
1fepA,254,C,S,5.94
1tenA,837,A,Y,-4.22
1ls4A,140,K,A,-1.69
5azuA,20,V,I,-0.19
1aj3A,102,G,A,-2.6
2abdA,26,A,F,-1.53
2abdA,54,A,K,-1.14
3ssiA,73,K,M,0.46
1rhgA,87,A,G,-1.86
1rx4A,30,Y,W,-2.16
1blcA,179,N,D,-0.43
1ayfA,82,F,Y,-0.01
2ifbA,64,G,L,-2.63
1ayfA,54,A,T,-1.31
1flvA,34,A,H,-1.28
1btaA,57,K,E,-0.73
1uzcA,51,G,A,-1.1
1ropA,30,F,D,-0.1
1wq5A,49,W,E,-0.02
1ftgA,43,A,D,0.05
1sceA,28,A,S,-0.34
1fkjA,27,V,T,0.23
3mbpA,133,S,P,-0.63
1dktA,64,A,P,-0.42
1ftgA,139,A,V,-1.2
1rtbA,109,G,A,-0.43
1flvA,101,V,A,-0.51
1aj3A,98,A,L,-3.8
5azuA,7,S,I,-3.9
1arrA,50,A,R,-1.9
1rx4A,31,V,F,-1.5
2ci2I,76,A,I,-4.21
2ci2I,45,A,E,0.01
2afgA,109,I,V,-0.05
1uwoA,7,A,M,-2.95
1aj3A,59,A,H,-2.3
1rtbA,54,A,V,-2.58
1ropA,30,I,D,-0.8
1znjB,26,T,Y,-0.3
1wq5A,49,Q,E,-0.58
2trxA,76,A,P,-3.9
1wq5A,211,S,G,-0.15
1cspA,50,K,E,-0.28
1arrA,46,A,K,0
2ci2I,33,Q,E,-0.35
1pgaA,53,F,T,3.26
1tenA,869,A,Y,1.88
2brdA,60,A,M,-0.8
1dktA,22,A,V,-1.53
1w4hA,132,G,S,0.57
1shgA,59,F,K,1.72
5azuA,121,A,M,-2.87
1c9oA,2,L,Q,0.42
1thqA,55,A,F,-1.05
1w4hA,166,G,H,1.87
1rtbA,118,A,V,-1.92
1ropA,30,Q,D,1.8
1cspA,48,E,S,0.04
1rtbA,54,I,V,-1.95
1oiaA,86,T,Y,-2.9
1i5tA,52,I,N,-3.14
3mbpA,115,A,L,-3.1
1aj3A,107,A,Q,0.5
1supA,169,A,G,0.3
1pgaA,53,M,T,0.9
1g6nA,128,P,S,0.14
1rx4A,59,K,N,-2.22
1cspA,50,Q,E,-1.14
1flvA,7,L,F,0.09
1clwA,323,D,G,-0.4
1rtbA,57,A,V,-2.85
2wsyA,18,V,A,-1.1
1ls4A,17,K,L,-1.36
1ttgA,87,A,P,-0.21
1sakA,349,A,E,-3.8
2brdA,37,A,P,-0.2
2brdA,59,A,S,0.1
2ci2I,75,A,N,-1.03
5azuA,22,A,V,-1.51
2ci2I,22,A,T,-0.85
1titA,23,A,I,2.89
1c9oA,55,K,N,0
5azuA,7,A,I,-3.23
2immA,21,I,M,0.24
1lveA,30,R,K,-1
2ci2I,69,L,F,-2.05
1flvA,83,I,V,0.04
1rx4A,40,I,V,-0.85
2abdA,32,A,K,-1.32
1arrA,39,G,Q,-1.22
1rx4A,121,A,G,0.5
2ztaA,25,A,R,-1.66
1hk0X,43,A,M,-0.35
1wq5A,154,V,C,-1.12
1tenA,830,V,I,-0.32
2ci2I,53,G,V,-2.43
1aj3A,72,A,K,-0.1
1htiA,215,P,A,0.6
1fkjA,75,A,T,-2.63
2a36A,22,G,T,3.6
1i5tA,30,V,P,-5
3mbpA,55,N,D,0
2ci2I,42,A,D,-1.01
1rx4A,22,L,W,0.1
2ztaA,27,A,K,-0.91
1h7mA,28,A,K,-1.2
1flvA,18,I,V,0.69
1divA,10,M,K,0.05
1pinA,9,G,P,-0.49
1sakA,336,A,E,3
1rtbA,57,G,V,-5.52
1rtbA,75,T,S,-2.8
2brdA,54,A,F,-1
2wsyA,22,V,F,-3.44
1rhgA,149,A,G,2.29
1msiA,23,A,R,-0.7
1rhgA,26,A,G,3.06
1arrA,42,A,M,-3.6
1pinA,30,A,N,-0.47
1a43A,218,S,C,-2.55
1shfA,107,T,E,-0.6
451cA,13,M,V,0.4
1akkA,33,N,H,1
1b5mA,81,A,P,-1.1
1titA,60,A,L,5.27
2abdA,5,A,F,-2.58
1ropA,30,R,D,0.8
1io2A,147,A,L,-2.61
1oncA,23,L,M,-2.59
1rhgA,73,A,G,1.44
2akyA,8,I,V,-1.2
1cahA,107,N,H,8.2
1rtbA,97,G,Y,-11.7
1rx4A,155,Y,I,-3.64
1qlpA,381,A,S,1
1aj3A,12,L,F,-1.3
2afgA,103,G,A,-0.41
1yccA,52,M,N,3.18
2ci2I,33,N,E,-0.56
1tenA,875,A,S,0.04
1ropA,30,W,D,-0.4
2brdA,47,A,T,-1
5azuA,112,S,C,1.54
1thqA,90,A,E,-0.66
1cspA,43,K,E,0.23
5azuA,81,T,I,-2.93
1imqA,41,V,E,0.88
1pinA,35,A,E,-0.73
1ayfA,56,T,H,-1.19
2ci2I,21,M,K,-0.7
2abdA,33,A,Q,-3.35
1kfwA,197,K,N,0.81
1fkjA,91,V,I,-0.38
1rtbA,75,A,S,-2.5
1rtbA,108,G,V,-7.28
1c9oA,15,F,Y,-0.01
1igvA,20,G,P,-1.19
1rx4A,121,H,G,-0.11
1otrB,30,L,I,-1.96
3hhrA,74,T,E,-1.14
2q98A,97,A,H,0.69
2ci2I,21,A,K,-0.8
1ftgA,20,K,E,-0.2
1cspA,20,Q,V,-1.9
1flvA,47,F,Y,-0.82
1otrB,34,P,E,-2.13
1fkjA,7,V,I,0.04
1ropA,30,K,D,0.9
1lveA,40,L,P,-1.7
1rx4A,59,G,N,-2.92
1rtbA,114,A,P,-3.2
1rx4A,139,K,E,-1.45
2abdA,19,A,P,-0.99
3d2aA,134,E,M,0.66
2ci2I,69,V,F,-1.9
1znjB,25,D,F,0.6
2ifbA,60,C,V,0.72
1thqA,139,A,Q,-0.97
1ftgA,110,A,S,-0.78
1rhgA,28,A,G,2.66
1qjpA,141,A,Y,-3.3
1lveA,29,N,S,-0.2
1pinA,28,G,I,-0.48
1hk0X,81,A,I,-1.3
1cspA,15,A,F,-1.97
1arrA,19,A,L,-1.9
1pinA,8,G,P,-0.92
3mbpA,347,A,V,-2
1sceA,28,G,S,0.89
1pinA,23,F,Y,-0.52
1arrA,48,G,E,-2.59
1yccA,73,H,K,-1.55
1c9oA,3,K,R,-0.17
1lveA,30,T,K,-1.3
1rtbA,57,I,V,-1.3
1ttgA,20,A,I,-0.74
1w4hA,167,A,L,0.67
1uzcA,53,G,A,-0.3
1aj3A,73,A,L,-2.4
2wsyA,232,V,I,-3.3
1pinA,18,G,S,0.02
1pgaA,53,Q,T,0.38
1rx4A,40,A,V,-1.55
2brdA,50,A,P,0.1
1c9oA,46,A,E,-0.11
1cspA,5,E,K,-2.28
1pinA,23,L,Y,-1.18
1thqA,137,A,T,-0.51
1fnfA,1408,P,L,-0.02
1rx4A,121,D,G,0.19
1tenA,873,A,L,-3.06
1wq5A,234,D,G,3.4
1dktA,39,A,S,-0.83
1aonO,3,C,I,-0.4
1pinA,33,A,Q,-0.57
1divA,15,M,K,-0.31
1aarA,29,Q,K,-1.67
1fxaA,65,A,F,-1
1ifbA,93,A,F,-2.42
1uzcA,61,G,A,-2.2
1ftgA,6,A,L,-3.19
1aj3A,68,G,D,-1.3
1tpkA,65,S,V,-2.4
1arrA,29,A,N,-0.46
1c9oA,66,A,L,-0.04
1dktA,70,A,R,-2.8
1arrA,16,G,R,-1.55
1w4hA,159,S,T,1.32
1otrB,41,T,Q,-0.43
1h7mA,22,A,K,0.43
1btaA,82,A,C,-0.1
1aonO,3,W,I,-0.4
1w4hA,154,G,V,0.98
1igvA,17,Q,E,0.38
1rtbA,63,G,V,-3.5
1rtbA,108,I,V,-0.43
1divA,106,Q,H,-1.46
1rx4A,59,E,N,-2.09
1aj3A,44,G,N,-0.4
1h7mA,33,A,K,0.12
1ttgA,29,A,V,-1.45
1wq5A,118,V,C,-1.34
1c2rA,75,F,Y,-1
1apsA,11,F,Y,0.43
1pgaA,26,P,A,-3.4
1rx4A,40,H,V,-3.27
1ttgA,66,A,V,-0.67
1sakA,340,A,M,-6.4
1yccA,76,Y,P,-2.07
1wq5A,49,H,E,1.51
1fepA,244,C,L,6.88
1tenA,860,V,I,-0.83
1kfwA,405,Q,G,0.62
1aj3A,30,A,V,-0.2
1lveA,4,L,M,1.1
1ls4A,31,A,T,0.6
1dpmA,257,L,H,-3.33
1rtbA,5,S,A,-0.27
1pinA,36,A,R,-0.29
1wq5A,127,A,L,-1.28
1igvA,10,A,F,-4.83
1cspA,43,S,E,0.29
1ayfA,56,R,H,-1.16
1uwoA,11,A,I,-1.53
1apsA,65,V,L,-5.35
1aj3A,17,G,D,-1.2
1w4hA,131,A,L,0.9
1divA,5,V,F,-3.99
1qlpA,59,A,T,1
1pinA,8,A,P,-0.97
1cspA,66,K,E,2.17
1arrA,34,A,N,0
1am7A,48,N,H,-5
1aj3A,25,A,E,0.1
1rtbA,93,S,P,-2.1
1thqA,58,A,S,-1.26
2wsyA,22,I,F,-4.58
5azuA,31,A,V,-1.67
1ag2A,183,A,T,-4.62
1io2A,56,A,I,-3.97
1io2A,8,A,E,2.65
1uzcA,49,F,Y,-0.3
1uzcA,31,G,P,-1.1
1pgaA,53,S,T,0.87
1hk0X,56,A,F,-0.6
2ci2I,39,L,I,-1.96
1igvA,66,A,F,-4.97
1ftgA,31,A,V,-1.92
2akyA,77,H,T,-2.15
1shfA,124,N,S,-0.73
1fkjA,27,A,T,-1.97
1divA,4,V,I,-0.59
2ci2I,49,A,I,-2.12
1arrA,8,L,P,2.49
1btaA,60,L,K,0.6
1fkjA,61,A,E,-0.06
1rtbA,81,V,I,-0.43
1rtbA,47,A,V,-3.8
1ftgA,40,K,E,-0.39
1qjpA,57,A,W,-2
1h7mA,9,A,K,-0.29
1aj3A,44,A,N,0.2
1ftgA,50,A,L,0.03
1pgaA,23,P,A,-0.3
1cspA,19,K,E,-0.62
1rx4A,113,V,T,-1.2
1fepA,246,C,S,7.77
1aj3A,104,G,A,-1.8
1hk0X,143,A,Q,-0.2
3ssiA,13,L,V,-2.33
1tenA,863,A,L,-4.22
1pinA,12,A,E,-0.48
5azuA,81,V,I,-0.16
1aj3A,68,A,D,-0.1
1pohA,46,D,S,1.44
1shgA,59,Y,K,0.84
1shfA,107,Q,E,-0.74
1ttgA,59,A,I,-3.66
1c9oA,3,E,R,-1.67
1aj3A,17,A,D,-0.2
1h7mA,42,A,R,0.33
1otrB,67,T,L,-2.92
1aj3A,107,L,Q,-1.4
2brdA,46,A,T,-2.2
1arrA,34,G,N,0.64
1oiaA,13,F,Y,-0.7
1aj3A,84,V,I,-0.6
2ci2I,31,A,S,-0.67
2ci2I,35,G,A,-1.25
2ci2I,67,A,R,-1.21
1ftgA,65,K,D,-0.03
1sceA,7,A,P,-0.2
1i5tA,26,V,H,-3.78
1shfA,107,G,E,-2.29
1pinA,29,G,T,-1.99
1shfA,107,S,E,-1.64
1ayfA,82,S,Y,-0.33
1cspA,56,Q,R,0.26
1rx4A,155,R,I,-3.28
1risA,8,A,I,-3.4
1dktA,46,A,L,-2.07
1uzcA,36,F,W,0.6
1pgaA,46,A,D,-1.36
2ifbA,72,C,L,-0.13
1supA,50,F,M,0.48
2crkA,122,A,D,-2
3pgkA,122,W,Y,-4.21
1znjA,8,A,T,0.16
1h7mA,6,A,E,-0.76
2abdA,77,A,V,-1.34
2ifbA,23,C,I,1.3
1aj3A,93,G,D,-0.3
1rx4A,35,A,T,-1.1
2ci2I,70,A,V,-1.74
1arrA,9,A,Q,-0.1
1shfA,107,F,E,-1.63
2abdA,73,A,Y,-4.67
2afgA,44,W,L,0.12
1chkA,227,F,W,-2.26
1ftgA,107,A,E,0.19
1pohA,46,A,S,-1.01
2brdA,55,A,T,-0.1
3mbpA,159,A,P,-0.92
1tenA,867,S,T,-1.22
1pinA,25,A,F,-2.14
1tenA,833,V,I,-0.5
1rx4A,21,L,P,-0.1
1otrB,5,A,V,-3.01
5azuA,108,A,Y,-3.59
1fxaA,94,K,E,-0.4
1arrA,24,T,K,-1.2
1wq5A,211,E,G,1.1
1lveA,94,H,T,0.7
1otrB,67,A,L,-2.82
1c9oA,11,S,N,0.22
1cspA,25,Q,D,-0.77
1apsA,51,A,V,-1.89
2abdA,21,H,D,-0.56
451cA,78,I,V,0.92
1cspA,39,E,K,-0.24
1fkjA,76,A,I,-3.81
1sakA,344,I,L,-1.2
1cyoA,35,H,F,-2.82
2q98A,59,A,H,1.08
1h7mA,44,A,D,0.05
1divA,38,Q,E,-0.56
1arrA,38,A,Y,-3.8
1h7mA,2,A,D,-0.53
2ci2I,66,A,V,-4.92
1shfA,124,Y,S,-2.27
1cspA,46,E,A,-0.29
1lveA,96,Q,Y,-1
1divA,17,Q,E,-0.21
1tenA,860,A,I,-2.06
1rx4A,75,Y,V,-1.8
1pinA,21,A,R,-0.65
2immA,15,L,A,1.36
1aj3A,12,A,F,-3.7
1htiA,179,A,Q,0.1
1dktA,65,A,H,-0.6
1ttgA,34,A,I,-5.02
1fkjA,97,A,L,-0.03
1imqA,25,G,A,-0.14
1arrA,35,G,S,-0.46
1sakA,329,A,T,-3.6
1fkjA,23,A,V,-2.97
1tenA,882,A,S,-2.28
1titA,41,A,L,2.67
1ttgA,50,A,V,-2.42
1ttgA,88,A,I,-0.35
2abdA,39,A,I,-1.06
3hhrA,74,A,E,-0.95
1imqA,68,I,V,-0.81
1n0jA,34,F,Y,7.9
1dilA,69,V,A,0.62
1btaA,60,E,K,-1.1
2trxA,78,R,L,-4
5croA,36,S,A,0.4
1fkjA,57,G,R,-0.14
1pinA,20,A,G,-0.86
1pinA,27,G,H,-0.68
1rx4A,75,A,V,-0.05
1uzcA,32,A,S,0
1cyoA,35,L,F,-1.87
1uzcA,15,A,E,-0.3
1sakA,346,A,E,-0.4
1pgaA,53,H,T,0.37
1risA,88,A,V,-1.47
5azuA,95,A,V,-0.96
3pgkA,194,W,F,-3.72
2q98A,180,A,H,0.65
1qjpA,123,A,F,-2.1
1cspA,5,Q,K,-1.41
1ttgA,32,L,Y,-2.61
1yccA,73,L,K,-0.03
1aj3A,89,G,A,-1.1
1rx4A,59,H,N,-1.75
1shfA,124,A,S,-0.71
3ssiA,73,D,M,1.38
1aj3A,21,G,S,-0.5
1ttgA,90,A,I,-0.35
1wq5A,49,P,E,0.41
1tenA,851,A,L,-2.99
1rtbA,121,A,D,-1.95
1otrB,34,W,E,1.31
1btaA,34,V,L,1.1
1uzcA,58,A,K,-2.1
2ci2I,48,A,I,-3.68
1uzcA,30,A,V,-3.3
1ropA,30,S,D,1
1flvA,101,L,A,-0.23
5croA,26,V,Y,0.9
1ttgA,62,A,L,-2.94
1dktA,8,A,Y,-0.34
1cahA,16,F,W,-5.5
1a43A,184,A,W,-0.7
1pinA,23,A,Y,-1.08
1mjcA,18,S,F,-1.54
2afgA,132,W,F,-0.38
1arrA,20,G,D,-2.79
1rx4A,121,S,G,0.01
1ubqA,13,A,I,-3.39
1tenA,821,V,I,-0.23
1sceA,58,A,P,-0.35
1sakA,350,A,L,-2.1
1pgaA,53,D,T,-0.87
1pinA,7,N,L,-0.9
2immA,106,I,L,0.36
1aj3A,107,G,Q,-1.3
1rx4A,43,A,G,-0.4
1yccA,76,G,P,-0.78
1tenA,858,A,Y,-1.38
1arrA,27,G,E,-0.75
2ci2I,64,A,D,-0.91
1io2A,20,A,I,-4.42
1ag2A,180,I,V,-0.5
1yeaA,71,T,P,-0.8
1arrA,14,A,W,-4
1io2A,102,A,I,-4.04
1supA,217,K,Y,0.72
2ci2I,34,N,E,-0.58
1aj3A,61,A,P,0.4
1clwA,244,R,G,-4
1pinA,18,A,S,0.03
1mjcA,20,L,F,-0.31
1cspA,10,D,N,0.41
1ftgA,75,K,D,-0.36
1qjpA,129,A,Y,-2.7
1uzcA,35,A,S,-1
1wq5A,81,G,C,-1.58
1pinA,28,A,I,-0.36
2ci2I,51,V,L,-0.67
1dilA,53,L,A,0.81
1ttgA,48,A,F,-2.16
2ci2I,48,V,I,-0.97
1sakA,335,A,R,-2.1
1aj3A,47,A,K,0.4
1dktA,9,A,S,-0.34
2ci2I,53,T,V,-1.03
1wq5A,118,S,C,-2.27
1arrA,11,A,N,0.5
1ftgA,160,A,V,-2.15
2brdA,43,A,Y,-1.3
1wq5A,49,G,E,-0.04
2ci2I,37,G,K,-1.18
1ftgA,104,V,I,-0.58
1qgvA,126,D,G,-1.71
1fkjA,59,F,W,-2.72
1w4hA,144,A,L,1.37
1ttgA,36,A,Y,-2.29
1am7A,31,D,H,-1.6
1lveA,89,H,Q,-0.8
1pinA,13,A,K,-0.02
1rx4A,122,A,D,-1.6
2q98A,46,A,H,0.75
1arrA,9,G,Q,0.68
3mbpA,147,A,L,-3
1shfA,107,P,E,-1.71
1cspA,21,Q,E,-0.33
1aarA,27,Q,K,-1.91
2hmbA,128,F,Y,-3.82
3mbpA,10,A,W,-4.3
1pgaA,24,P,A,-0.5
1sakA,331,A,Q,-1.4
1ttgA,22,F,W,-1.94
1titA,63,S,C,5.43
1bnlA,76,A,D,-3.88
2hmbA,40,Q,T,-4.37
1sceA,89,A,V,-0.24
1btaA,75,L,R,0.7
1ftgA,22,V,I,-1.94
1otrB,36,L,I,-1.31
1ifbA,82,Y,W,0.09
1uzcA,50,A,S,-0.2
1arrA,13,G,R,0.36
1arrA,28,G,E,-1.69
1fkjA,55,A,V,-2.13
1igvA,73,V,I,-1.53
1w4hA,149,V,I,0.7
1apsA,13,A,V,-2.63
1wq5A,49,M,E,3.13
1uzcA,13,A,T,-1
1fxaA,42,A,R,-2.4
1cyoA,45,G,V,-1.91
2abdA,28,F,Y,-1.16
1uzcA,27,A,E,-0.6
2ci2I,79,G,V,-3.24
1pinA,30,G,N,0.53
1bp2A,22,Y,F,1.5
1divA,21,I,V,-0.4
1yccA,52,V,N,2.02
1uzcA,26,A,K,0.1
451cA,37,R,Q,0.5
1c9oA,21,K,E,-0.18
1c9oA,3,L,R,-0.27
2afgA,21,Y,H,0.7
3ssiA,13,I,V,-0.88
2ci2I,26,Q,E,-0.6
1yccA,26,Y,H,-1.96
1aj3A,96,G,K,-1.3
1yccA,73,V,K,-1
1ayfA,54,S,T,0.05
3mbpA,283,D,Y,-3.2
1aarA,68,E,H,0.76
2brdA,62,A,L,0.5
1msiA,25,A,E,-0.02
1pohA,49,E,K,2.01
1yccA,76,V,P,-1.07
2ci2I,49,V,I,0.08
1aj3A,91,L,F,0.5
1cspA,27,A,F,-0.73
1supA,218,S,N,1.07
2brdA,36,A,D,-0.9
1cahA,107,Y,H,12.2
1c2rA,34,S,G,-2.2
5azuA,50,V,L,-0.3
2ci2I,44,A,P,0.05
1aj3A,84,A,I,-2
1wq5A,37,A,I,-4.42
5azuA,50,T,L,-2.25
1fepA,252,C,G,7.93
1wq5A,234,K,G,0.2
2immA,21,L,M,-0.31
1tenA,821,A,I,-3.67
1c9oA,12,K,E,-0.27
1qlpA,331,V,K,-0.89
1htiA,193,A,K,1
3ssiA,103,L,M,0.15
1wq5A,81,A,C,-0.69
5azuA,60,G,V,-3.11
1otrB,34,S,E,-0.33
1mjcA,31,S,F,-1.03
1c9oA,23,Q,G,-0.24
1otrB,34,C,E,0.91
1arrA,17,A,E,-0.5
1frdA,42,R,H,4
1cspA,1,R,M,1.74
1msiA,36,A,D,0.91
1ropA,41,A,L,-6.12
1cahA,107,F,H,10
1igvA,70,L,V,-1.2
1aj3A,63,V,I,-0.6
2ifbA,65,A,G,-1.33
1c9oA,56,E,R,0.51
1apsA,61,A,M,-3.97
451cA,34,Y,F,1.26
1cspA,48,R,S,1.58
1h7mA,12,A,D,0.24
1ttgA,59,V,I,-1.12
5azuA,125,A,L,-1.2
1rx4A,59,L,N,-0.03
2ci2I,82,T,V,-1.15
1arrA,12,A,L,-2.7
1aarA,45,W,F,0.46
1cahA,107,A,H,11.5
2afgA,44,P,L,0.69
1pinA,11,F,W,-1.93
1rtbA,46,L,F,-3.2
2brdA,49,A,V,0.7
1apsA,94,L,F,-4.33
1msiA,39,A,R,-0.69
1cspA,3,L,E,1
1imqA,37,L,V,-0.26
1rx4A,59,S,N,-1.88
3hhrA,71,Q,S,-1.37
2ci2I,53,A,V,-0.64
3mbpA,192,A,L,-3.1
1ftgA,68,A,G,0.41
1wq5A,211,D,G,-0.8
1ftgA,72,K,E,-0.58
1uzcA,20,G,A,-2.4
1arrA,30,A,G,-2.5
1hk0X,54,A,Q,0.25
1bp2A,106,I,F,1.9
1fkjA,60,G,E,-0.14
1rx4A,121,Y,G,-0.2
1rx4A,67,V,G,-0.94
1c9oA,53,E,Q,-0.03
1uzcA,67,G,V,-0.1
1thqA,72,A,M,-0.34
1sakA,351,A,K,2.5
1titA,58,A,L,3.61
1h7mA,69,A,E,-0.74
1h7mA,92,A,R,-0.31
1bp2A,22,A,F,0.5
1yccA,20,C,V,-1.1
2adaA,161,F,W,7.34
1aj3A,63,A,I,-2.8
2abdA,34,G,A,-1.33
1fkjA,56,A,I,-2.48
1cspA,19,Q,E,-0.25
1aj3A,40,G,T,-0.1
1apsA,64,A,W,-1.51
2immA,32,Y,F,0.38
1aj3A,86,A,Q,0
1yccA,102,S,C,2.8
2ci2I,79,A,V,-1.51
1pgaA,53,I,T,0.74
3mbpA,161,A,I,-3.03
1sakA,345,A,N,-3.7
1tenA,835,A,L,-4.29
1divA,144,Q,H,-0.83
1wq5A,49,N,E,-0.05
3blsA,150,F,Y,-0.85
1hk0X,132,A,V,-1.9
1uzcA,52,A,L,-2.9
1divA,23,A,D,0.35
1ttgA,92,F,Y,0.11
2ci2I,60,A,E,-0.89
2brdA,57,A,Y,-3.7
1tenA,885,G,A,-1.09
1risA,85,A,V,-3
2ci2I,82,A,V,-1.45
1aj3A,14,A,R,-0.3
1arrA,8,A,P,2.9
1uzcA,56,G,S,-0.5
1aj3A,25,G,E,-1.1
1otrB,67,N,L,-3.39
1ubqA,6,E,K,0.79
2ci2I,55,A,T,-0.6
1rx4A,95,A,G,1.3
1ttgA,64,A,P,-0.41
2abdA,74,A,I,-1.34
1sceA,90,G,P,1.33
1ayfA,82,L,Y,-0.36
1io2A,118,A,L,-5.26
1pinA,17,G,R,-0.22
1aj3A,45,A,L,-0.2
1c9oA,66,E,L,-1.17
1h7mA,54,A,R,-0.26
1aonO,95,C,V,-0.3
1rx4A,148,E,S,-0.52
1aj3A,47,G,K,-0.5
1bp2A,48,A,H,-3.1
1rx4A,88,A,V,0.3
1shfA,107,Y,E,-2.4
2immA,43,S,P,-0.17
1cspA,48,K,S,0.67
2ci2I,22,G,T,-1.16
1ttgA,70,V,I,-0.61
1arrA,17,G,E,-1.19
1ftgA,21,A,I,-0.02
1hk0X,145,A,L,-1.3
2ci2I,33,D,E,-0.65
1wq5A,49,D,E,0.07
1cspA,21,K,E,-0.15
3mbpA,48,S,P,-0.03
1yccA,73,R,K,-0.03
5azuA,20,A,I,-1.83
1pinA,32,A,S,-0.26
2ci2I,41,A,Q,-0.28
1ubqA,26,G,V,-6.3
1hmeA,34,H,I,-0.62
1ttgA,10,A,V,-1.38
1pinA,29,A,T,-1.25
1divA,21,L,V,-1.23
1wq5A,211,W,G,-1.95
1arrA,46,G,K,-1.6
1arrA,44,A,S,-0.3
1oiaA,31,F,Y,0
1uwoA,14,A,F,-5.47
1rtbA,107,A,I,-2.84
1risA,22,Q,E,-0.68
1uzcA,64,G,A,-0.9
1ifbA,6,Y,W,-0.93
2immA,90,Q,N,1.05
1h7mA,78,A,H,-0.5
1rx4A,44,A,R,-1.4
1arrA,31,A,R,-3.4
1fxaA,95,K,E,1
5azuA,110,S,F,-4.58
4blmA,265,C,S,-2.4
1otrB,34,N,E,-1.12
1rtbA,93,A,P,-2.7
1wq5A,49,I,E,3.79
1pinA,29,S,T,-0.65
3mbpA,195,A,L,-4.2
1rx4A,66,A,P,1.3
1thqA,85,G,A,-0.87
1wq5A,49,T,E,0.16
1divA,54,Q,E,0.33
1io2A,135,A,D,2.56
1axbA,77,S,C,-3.36
1cspA,55,D,N,0.46
2ci2I,30,A,K,-0.39
1tenA,826,A,P,-1.73
1pgaA,53,Y,T,3.34
2abdA,28,N,Y,-2.35
1rx4A,27,N,D,1.4
1uzcA,19,G,Q,-1.3
1ftgA,126,K,D,-0.41
1fkjA,91,A,I,-1.54
1titA,9,G,Y,-0.8
1cspA,55,K,N,-0.04
1otrB,36,V,I,-0.79
1fkjA,98,A,V,0
2brdA,35,A,S,-0.3
1h7mA,87,A,D,-1.36
1pinA,38,G,S,-0.08
1mbgA,103,L,V,2.44
1shfA,124,G,S,-1.68
1cspA,20,K,V,-2.03
1rtbA,108,A,V,-4.2
1tenA,849,A,I,-2.19
1ropA,30,A,D,0.3
1shgA,48,G,D,0.83
1rx4A,59,P,N,-1.34
3d2aA,137,P,M,0.98
2ci2I,36,G,K,-2.17
1cahA,206,S,C,-0.6
5azuA,95,T,V,0.42
1h7mA,15,A,K,-0.91
2ci2I,58,D,T,0
1mjcA,18,L,F,-1
2hmbA,40,V,T,-1.84
1io2A,15,A,I,-2.13
1rtbA,118,G,V,-2.77
1yccA,71,V,P,-1
1uzcA,38,G,Q,-1.6
1pgaA,29,P,V,-3.5
1arrA,3,A,G,0.3
1arrA,24,A,K,-0.6
1thqA,17,A,W,-0.98
2afgA,102,Y,H,0.3
1rx4A,15,A,G,0.7
451cA,56,F,W,-1.9
1cspA,24,K,D,-0.46
2abdA,54,M,K,0.03
1uzcA,44,V,I,-0.3
1w4hA,134,G,A,0.32
1otrB,41,N,Q,-2.56
1thqA,105,A,L,-0.76
3hhrA,74,S,E,-1.01
1pgaA,9,P,G,-2.4
1sakA,328,L,F,-3.5
1rtbA,57,L,V,-2.37
1thqA,23,A,Y,-0.91
1imqA,19,L,V,-1.82
1ttgA,8,A,L,-1.64
1apsA,30,G,A,-1.65
1rx4A,28,R,L,1.31
1tpkA,65,M,V,-2.2
1arrA,7,A,M,-0.6
1divA,23,N,D,-0.44
1yccA,73,I,K,-0.99
5croA,26,H,Y,1.9
1divA,14,M,K,0.01
1arrA,16,A,R,0.2
1cspA,43,Q,E,0.05
1cyoA,61,Y,V,-1.31
1pgaA,6,N,I,1.95
1rx4A,40,M,V,-2
1divA,6,V,L,-0.41
1wq5A,28,G,P,-1.58
1bp2A,48,Q,H,-0.6
5azuA,20,T,I,-2.15
2hmbA,57,S,F,-3.63
2q98A,27,A,H,0.71
2trxA,34,S,P,-0.1
1arrA,47,A,K,-1.8
1fkjA,56,T,I,-1.81
1flvA,87,V,G,-0.01
3ssiA,103,G,M,-6.93
1rx4A,30,E,W,-2.89
1uzcA,44,A,I,-0.2
1thqA,87,F,Y,-1.37
2ztaA,15,A,K,-0.41
1dktA,32,A,V,-1.13
1aj3A,86,G,Q,-1.3
1rx4A,30,H,W,-2.78
1aj3A,64,G,Q,-1.8
1shgA,57,F,Y,1.31
1ankA,86,L,F,-0.8
1msiA,58,N,D,-0.06
1ftgA,61,K,E,0.13
1cyoA,45,E,V,-2.37
1ftgA,83,I,V,0.05
1yccA,6,A,G,-3.5
1yeaA,76,G,P,-1.2
